{
  "device": "cuda:0",
  "model_version": "warehouse-risk-binary-20260418041142",
  "target_column": "risk_label",
  "task": "binary",
  "test": {
    "average_precision": 0.9846662312132366,
    "confusion_matrix": [
      [
        211,
        9
      ],
      [
        12,
        165
      ]
    ],
    "f1": 0.9401709401709402,
    "roc_auc": 0.9840523882896764
  },
  "validation": {
    "average_precision": 0.9564361754356789,
    "confusion_matrix": [
      [
        163,
        3
      ],
      [
        41,
        203
      ]
    ],
    "f1": 0.9022222222222223,
    "roc_auc": 0.9143541378629271
  }
}